username;date;retweets;favorites;text;geo;mentions;hashtags;id;permalink
;2019/06/30 09:23;143;179;"This is a traffic stop #robot by @cheddar | #Industry40 #AI #ArtificialIntelligence #Robotics #Automation #Innovation #DigitalTransformation #MachineLearning #ML #Videos #RT Cc: @MikeQuindazzi @SpirosMargarispic.twitter.com/hSJecO1gvF";;@cheddar @MikeQuindazzi @SpirosMargarispic;#robot #Industry40 #AI #ArtificialIntelligence #Robotics #Automation #Innovation #DigitalTransformation #MachineLearning #ML #Videos #RT;"1145155745199087618";https://twitter.com/Ronald_vanLoon/status/1145155745199087618
;2019/06/23 17:11;47;60;"This Chinese city's traffic is controlled by an AI brain. via @welcomeai #China #ai #brain #smartcity #MachineLearning #traffic #DeepLearning #imagerecognition #society #tracking #futuretech #technology #ArtificialIntelligence pic.twitter.com/fzuR7sCLfG TY, @marcusborba S. N., #CISO";;@welcomeai @marcusborba;#China #ai #brain #smartcity #MachineLearning #traffic #DeepLearning #imagerecognition #society #tracking #futuretech #technology #ArtificialIntelligence #CISO;"1142736946399260673";https://twitter.com/StephaneNappo/status/1142736946399260673
;2019/06/23 14:04;204;227;"The chinese city's traffic is controlled by an #AI brain by @wef | #ArtificialIntelligence #SmartCity #Transportation #Automation #Digital #SmartTech #CyberSecurity #Drones #Robotics #Videos #RT Cc: @MikeQuindazzi @Paula_Piccard pic.twitter.com/QvZOHtnG5kpic.twitter.com/BZxGWUVST7";;@wef @MikeQuindazzi @Paula_Piccard;#AI #ArtificialIntelligence #SmartCity #Transportation #Automation #Digital #SmartTech #CyberSecurity #Drones #Robotics #Videos #RT;"1142689745983565824";https://twitter.com/Ronald_vanLoon/status/1142689745983565824
;2019/06/17 23:18;71;100;"Traffic #Robot-Cop: "Do you know why I pulled you over?' #Reubotics #ai #artificialintelligence #robotics #machinelearning #Industry40 #IoT #tech #4IR @MikeQuindazzi @SpirosMargaris @Ronald_vanLoon @andi_staub @sallyeaves @YuHelenYu @THEAdamGabriel @kuriharan @KirkDBornepic.twitter.com/EKGHCcVWYA";;@MikeQuindazzi @SpirosMargaris @Ronald_vanLoon @andi_staub @sallyeaves @YuHelenYu @THEAdamGabriel @kuriharan @KirkDBornepic;#Robot #Reubotics #ai #artificialintelligence #robotics #machinelearning #Industry40 #IoT #tech #4IR;"1140654861211582465";https://twitter.com/Paula_Piccard/status/1140654861211582465
;2019/06/03 12:30;25;28;"Machine Learning Helps Bloggers Secure More Traffic with Long-Tail Keywords https://www.smartdatacollective.com/machine-learning-helps-bloggers-secure-more-traffic-with-long-tail-keywords/ … #machinelearning #artificialintelligence #Marketing #Digitalmarketing #keywords #blogging";;;#machinelearning #artificialintelligence #Marketing #Digitalmarketing #keywords #blogging;"1135418438573338624";https://twitter.com/jose_garde/status/1135418438573338624
;2019/05/24 19:26;643;1898;"The bosso of the week is definitely Nkululeko Tunzi. He invented a walking aid that helps blind people navigate traffic. He has mastered artificial intelligence in the device called Bulatsela. Ke skhokho! Unlock your potential! pic.twitter.com/DmnAleymui";;;;"1131899361372385280";https://twitter.com/ChristoThurston/status/1131899361372385280
;2019/05/24 11:15;1610;3507;"Newsletter| Nkululeko Tunzi, a computer science graduate from TUT, has invented an innovative walking aid that helps blind people navigate traffic. The product, called Bulatsela, uses cutting-edge artificial intelligence to interpret surroundings http://ow.ly/g8C330oOtWP  pic.twitter.com/K1PDhX4OyP";;;;"1131775601277329408";https://twitter.com/City_Press/status/1131775601277329408
;2019/05/23 14:23;19;74;"We built a machine-intelligent artificial intelligence tool with @silo_AI which enables us to predict possible disruptions to air traffic more accurately. Read more: http://ow.ly/4mF250unjQz  #AI #digitalfinnairpic.twitter.com/f7SKTMQ3TD";;@silo_AI;#AI #digitalfinnairpic;"1131460684636725248";https://twitter.com/Finnair/status/1131460684636725248
;2019/05/23 02:17;28;38;"#ArtificialIntelligence #AI inspired by #Nature MT @pascal_bornet #tech #digital #SelfDriving #Driverless #AutonomousVehicles #SelfDrivingCars #electriccars #ElectricVehicles #autonomousdriving #Automotive #selfDrivingCar #ML #traffic #SmartCities #SmartCity #Industry40 #4IRpic.twitter.com/PPsbAXNISn";;@pascal_bornet;#ArtificialIntelligence #AI #Nature #tech #digital #SelfDriving #Driverless #AutonomousVehicles #SelfDrivingCars #electriccars #ElectricVehicles #autonomousdriving #Automotive #selfDrivingCar #ML #traffic #SmartCities #SmartCity #Industry40 #4IRpic;"1131277874240118785";https://twitter.com/mvollmer1/status/1131277874240118785
;2019/05/20 20:17;38;44;"Mini #robotic #cars show how #DriverlessCars improve traffic flow https://buff.ly/2M6nQeC  #fintech #insurtech #autonomouscars #AI #ArtificialIntelligence #MachineLearning @RobertScammell @VerdictUK @JeroenBartelse @nigelwalsh @stratorob @floriansemle @guzmand @Cambridge_Unipic.twitter.com/GKpLSV9aro";;@RobertScammell @VerdictUK @JeroenBartelse @nigelwalsh @stratorob @floriansemle @guzmand @Cambridge_Unipic;#robotic #cars #DriverlessCars #fintech #insurtech #autonomouscars #AI #ArtificialIntelligence #MachineLearning;"1130462667670523904";https://twitter.com/SpirosMargaris/status/1130462667670523904
;2019/05/19 03:33;58;85;"#ArtificialIntelligence #SmartCities #SmartData #DataAnalytics This Chinese city‘s traffic is controlled by an #AI brain by @wef via @MikeQuindazzi Plz.follow: @TopCyberNews @digitalcloudgal @tantriclens @J_S_K @Paula_Piccard @sallyeaves @YuHelenYupic.twitter.com/zdwBMQDOiz";;@wef @MikeQuindazzi @TopCyberNews @digitalcloudgal @tantriclens @J_S_K @Paula_Piccard @sallyeaves @YuHelenYupic;#ArtificialIntelligence #SmartCities #SmartData #DataAnalytics #AI;"1129847604676833280";https://twitter.com/Katharina_Lamsa/status/1129847604676833280
;2019/05/02 15:37;24;29;"Measuring Traffic Manipulation on Twitter by Ben Nimmo, Atlantic Council https://comprop.oii.ox.ac.uk/wp-content/uploads/sites/93/2019/01/Manipulating-Twitter-Traffic.pdf … via @polbots #cyborgs #Bots #automation #Botnets #data #DataAnalytics #BigData #Analytics #marketing #DigitalMarketing #SocialMedia #Analytics #AI #ArtificialIntelligence pic.twitter.com/O9w9UPmTvL";;@polbots;#cyborgs #Bots #automation #Botnets #data #DataAnalytics #BigData #Analytics #marketing #DigitalMarketing #SocialMedia #Analytics #AI #ArtificialIntelligence;"1123869132368293888";https://twitter.com/jose_garde/status/1123869132368293888
;2019/04/28 09:30;33;54;"Ahmedabad is inching quickly towards being A SMART CITY: A man if fined for spitting captured by CCTV backed by Artificial Intelligence is programmed for 18 violations related to traffic & public health. Time every city shall start taking initiative that are becoming successful pic.twitter.com/XQlMOnO2T0";;;;"1122327278678003712";https://twitter.com/jcsethi/status/1122327278678003712
;2019/03/09 21:24;33;42;"More than 40,000 LED bulbs brightened #KumbhaMela2019 2 ‘Integrated Control & Command Centres’, use of ‘artificial intelligence’ with over 1,000 CCTV cameras, quad bikes for quick movement on the sand, crowd management, safety & traffic movement control was witnessed. pic.twitter.com/2I5OHWj7Of";;;#KumbhaMela2019;"1104387432659578881";https://twitter.com/meenakshisharan/status/1104387432659578881
;2019/02/10 11:10;53;58;"This city's #traffic is controlled by an #ArtificialIntelligence brain #innovation #tech #IoT #AI #ML #automation #hrtech #fintech #futureofwork #smartcities #smm #travel #4IR @mclynd @mikequindazzi @jblefevre60 @diioannid @grattonboy @dinisguarda @sallyeaves @psb_dc @gvalanpic.twitter.com/dtZI9vbHUd";;@mclynd @mikequindazzi @jblefevre60 @diioannid @grattonboy @dinisguarda @sallyeaves @psb_dc @gvalanpic;#traffic #ArtificialIntelligence #innovation #tech #IoT #AI #ML #automation #hrtech #fintech #futureofwork #smartcities #smm #travel #4IR;"1094448606361268224";https://twitter.com/PBalakrishnaRao/status/1094448606361268224
;2019/02/07 15:03;26;35;"British online-grocery company, Ocado, is using air-traffic-control systems and Artificial Intelligence to co-ordinate 700 factory robots. pic.twitter.com/a4W2tYeKZn #Robotics #ThursdayThoughts #AI #MWC19 #MWC2019 #dx #uk #IoT #IIoT #MachineLearning #tech RT @TheEconomist";;@TheEconomist;#Robotics #ThursdayThoughts #AI #MWC19 #MWC2019 #dx #uk #IoT #IIoT #MachineLearning #tech;"1093419860699209728";https://twitter.com/2morrowknight/status/1093419860699209728
;2019/01/30 11:46;68;230;"This is How at Indira Nagar Underpass Traffic Control System works... @nashikpolice #TrafficWisdom new installed software ( Artificial intelligence) works... watch pic.twitter.com/AWKFiuVTkN";;@nashikpolice;#TrafficWisdom;"1090471398227824640";https://twitter.com/NashikNews/status/1090471398227824640
;2019/01/23 00:03;127;148;"This Chinese city's traffic is controlled by an #AI brain #ArtificialIntelligence #smartcity #Technology via @rajat_shrimal cc @MikeQuindazzi @Paula_Piccard @SpirosMargaris @andi_staub @sallyeaves @HaroldSinnott @kashthefuturist @chboursin @jblefevre60pic.twitter.com/XJzIoXQK6h";;@rajat_shrimal @MikeQuindazzi @Paula_Piccard @SpirosMargaris @andi_staub @sallyeaves @HaroldSinnott @kashthefuturist @chboursin @jblefevre60pic;#AI #ArtificialIntelligence #smartcity #Technology;"1087757623225663488";https://twitter.com/rajat_shrimal/status/1087757623225663488
;2019/01/22 19:05;45;65;"This city traffic is controlled by an #AI brain! #smartcities #IoT #smartcity #mwc19 #china #ArtificialIntelligence @SmartCityexpo @smartcityrajkot @SmartCitiesNY @IndiaCities #wef #davos #WEF19 #Transportation #5Gpic.twitter.com/6lySlrdpwg";;@SmartCityexpo @smartcityrajkot @SmartCitiesNY @IndiaCities;#AI #smartcities #IoT #smartcity #mwc19 #china #ArtificialIntelligence #wef #davos #WEF19 #Transportation #5Gpic;"1087682597935874048";https://twitter.com/evankirstel/status/1087682597935874048
;2019/06/22 22:14;39;56;"This Chinese city's traffic is controlled by an AI brain via @welcomeai #china #ai #brain #smartcity #MachineLearning #traffic #DeepLearning #imagerecognition #society #tracking #futuretech #technology #ArtificialIntelligence pic.twitter.com/BEAfreWhK9";;@welcomeai;#china #ai #brain #smartcity #MachineLearning #traffic #DeepLearning #imagerecognition #society #tracking #futuretech #technology #ArtificialIntelligence;"1142450896795815937";https://twitter.com/marcusborba/status/1142450896795815937
;2019/05/23 15:41;8;23;"#SESAR projects harnessing artificial intelligence #AI for air traffic management exhibiting at today’s #AIaviation conference @eurocontrol @Airbuspic.twitter.com/uhCPJfgWI2 – di Eurocontrol HQ";;@eurocontrol @Airbuspic;#SESAR #AI #AIaviation;"1131480343821901824";https://twitter.com/SESAR_JU/status/1131480343821901824
;2019/05/05 22:25;11;13;"This traffic robot will help human cops have safer roadside interactions #Robotics #EmergingTechnologies #AI #tech #FutureofWork #MachineLearning #ArtificialIntelligence #technology #Robots #EmergingTech @tictocpic.twitter.com/80NrwleV9D";;@tictocpic;#Robotics #EmergingTechnologies #AI #tech #FutureofWork #MachineLearning #ArtificialIntelligence #technology #Robots #EmergingTech;"1125059023806640130";https://twitter.com/marcusborba/status/1125059023806640130
;2019/04/30 17:03;8;14;"Henderson using artificial intelligence to reduce traffic crashes - Las Vegas Review-Journal Read more here: http://bit.ly/2J1ZCPy  #ArtificialIntelligence #AI #DataScience #MachineLearning #BigData #DeepLearning #NLP #Robots #IoT";;;#ArtificialIntelligence #AI #DataScience #MachineLearning #BigData #DeepLearning #NLP #Robots #IoT;"1123166025011343362";https://twitter.com/IainLJBrown/status/1123166025011343362
;2019/04/01 09:02;137;22;"Want to know how technologies can respond to traffic, pollution, and energy supply? HSE University is inviting you to join this FREE webinar on the future of smart cities and artificial intelligence. Find out if this is for you: http://bit.ly/2DzaPTm pic.twitter.com/FQmfmNuWSQ";;;;"1112535564312432641";https://twitter.com/BeasiswaIndo/status/1112535564312432641
;2019/03/28 16:42;6;14;"McDonald's is buying an artificial intelligence start-up to help serve up data-driven meal choices. The technology developed by Israeli start-up Dynamic Yield can automatically change menus depending on the weather, time of day and traffic. https://www.bbc.co.uk/news/business-47722259 …pic.twitter.com/lL1du6Wlb4";;;;"1111201914174259200";https://twitter.com/CapitalMoments/status/1111201914174259200
;2019/03/09 13:13;11;26;"In the near future, most of our jobs may be taken over by robots... Note for our possibly confused international readers: In #SouthAfrica we commonly refer to traffic lights as 'robots.' #futureofwork #technology #futuretech #Robots #ArtificialIntelligence pic.twitter.com/TnfIUbX6uf";;;#SouthAfrica #futureofwork #technology #futuretech #Robots #ArtificialIntelligence;"1104264018120896512";https://twitter.com/madamevecartoon/status/1104264018120896512
;2019/03/05 08:27;10;38;"Baidu CEO: Artificial intelligence technologies should be applied in intelligent traffic solutions. #AI http://bit.ly/2TyDMJ6 pic.twitter.com/OdHVxDSnCx";;;#AI;"1102742509615308800";https://twitter.com/ChinaDaily/status/1102742509615308800
;2019/02/27 15:09;11;17;"Here's @Inteliot giving our #MWC19 team a demo of their Movidius VPU. Used in #SmartCity , #Traffic management, #smartretail and #industrial applications #artificialintelligence #edgepic.twitter.com/XtOWUIhsTs";;@Inteliot;#MWC19 #SmartCity #Traffic #smartretail #industrial #artificialintelligence #edgepic;"1100669192725032964";https://twitter.com/IoTNow_/status/1100669192725032964
;2019/02/16 07:23;7;13;"A team won a $25,000 prize and a license with the Washington, D.C., government for its mobile app using #AI artificial intelligence and machine learning to translate video data from closed-circuit cameras and individual cell phones into traffic-safety data https://statescoop.com/road-vision-traffic-metrics-app-wins-d-c-app-challenge/ …";;;#AI;"1096565760623669248";https://twitter.com/billschrier/status/1096565760623669248
;2019/02/13 04:26;6;14;"Congrats to GWU’s Transportation Team, winner of @OCTODC's #GigabitDCx challenge! The Road Vision app from the team at @GWtweets uses Artificial Intelligence (AI) methods to translate video feeds into traffic mobility and safety information (traffic counts, speeds). pic.twitter.com/JE6W8frlcs";;@OCTODC @GWtweets;#GigabitDCx;"1095434063752630273";https://twitter.com/US_Ignite/status/1095434063752630273
;2019/01/29 01:47;5;19;"We'll be presenting this at the 33rd AAAI Conference on Artificial Intelligence in Honolulu, Hawaii. It's our research for crowdsourcing traffic data while preserving individual privacy: http://aka.ms/AA3xqkq  #AAAI2019 @erichorvitz";;@erichorvitz;#AAAI2019;"1089958117092147201";https://twitter.com/JohnCKrumm/status/1089958117092147201
;2019/01/26 05:30;16;27;"#AI brain controlling the city's traffic #ArtificialIntelligence #smartcity #Technology #data #mapping #Navigation #Automation #DataAnalyticspic.twitter.com/5NFRLMr3fE";;;#AI #ArtificialIntelligence #smartcity #Technology #data #mapping #Navigation #Automation #DataAnalyticspic;"1088927151238275072";https://twitter.com/techprofit/status/1088927151238275072
;2019/01/26 02:00;8;32;"As the shutdown slows flights into LaGuardia, maybe it's time to let artificial intelligence handle air traffic control http://on.forbes.com/6015EPYol pic.twitter.com/Q8Xh4ffXaD";;;;"1088874147084730368";https://twitter.com/Forbes/status/1088874147084730368
;2019/01/23 18:03;24;23;"This Chinese city's traffic is controlled by an #AI brain #ArtificialIntelligence #smartcity #Technology via @rajat_shrimal cc @MikeQuindazzi @Paula_Piccard @SpirosMargaris @andi_staub @sallyeaves @HaroldSinnott @kashthefuturist @chboursin @jblefevre60 pic.twitter.com/tsBll8dCSH https://twitter.com/rajat_shrimal/status/1087757623225663488 …";;@rajat_shrimal @MikeQuindazzi @Paula_Piccard @SpirosMargaris @andi_staub @sallyeaves @HaroldSinnott @kashthefuturist @chboursin @jblefevre60;#AI #ArtificialIntelligence #smartcity #Technology;"1088029491878916097";https://twitter.com/RoboticsTech1/status/1088029491878916097
;2019/01/06 15:03;10;16;"Someday, #BigData and #Technology may even help reduce traffic jams and air pollution. #artificialintelligence ( #AI) is the future for us in #India.https://trib.al/Ie9Cbcz ";;;#BigData #Technology #artificialintelligence #AI #India;"1081823452313530370";https://twitter.com/mfaisalpatel/status/1081823452313530370
;2018/12/28 03:00;9;24;"Chinese ride-hailing giant DiDi Chuxing has partnered with traffic police and Shandong University in the city of Jinan to use big data and artificial intelligence to ease #traffic.";;;#traffic;"1078379993401622533";https://twitter.com/ChinaDaily/status/1078379993401622533
;2018/12/22 23:58;5;57;"We also explored the possibility of a customized, emulated version of ATLANTIS - Artificial Intelligence System for Smart Cities - tailored to meet Srinagar’s challenges. The areas include traffic, asset inventory, parking sensors, smart lighting and smart waste management.";;;;"1076522298180595716";https://twitter.com/Junaid_Mattu/status/1076522298180595716
;2018/12/19 18:49;24;38;"Great work #TietoAI team @TietoCorp - our #AI work in traffic and transportation. " #ArtificialIntelligence for better identification of road traffic disturbances!" Well done Liu Chengyu and Ari Rantanen and all involved. #MachineLearning #sensorfusion https://buff.ly/2QIzrTl pic.twitter.com/RfZoScosNO";;@TietoCorp;#TietoAI #AI #ArtificialIntelligence #MachineLearning #sensorfusion;"1075357562726477826";https://twitter.com/ChrisXtg/status/1075357562726477826
;2018/12/17 12:18;5;6;"Platoon-based self-scheduling for real-time traffic signal control https://www.youtube.com/watch?v=gkDsgMG1eg0&t=10s … #SmartMobility #SmartCity #SmartCities #ITS #DOAI #ArtificialIntelligence #AI #Technology #IoT #optimizationpic.twitter.com/aMDn7PzLYe";;;#SmartMobility #SmartCity #SmartCities #ITS #DOAI #ArtificialIntelligence #AI #Technology #IoT #optimizationpic;"1074534175594684418";https://twitter.com/surtrac_tmc/status/1074534175594684418
;2018/12/09 09:05;0;1;"#cleantech #politics #Kangar #Melaka #ArtificialIntelligence #MachineLearning CEPAT MATI UNTUK NEGARA MALAYSIA-A BODOH Malaysian motorist drive dangerously,WWH 1701,FAIL 2 use car headlights' DIE FAST & GOOD4 economy-where r BODOH malaysians JPJ officers & traffic police?";;;#cleantech #politics #Kangar #Melaka #ArtificialIntelligence #MachineLearning;"1071586579724947456";https://twitter.com/BusyBodycamelia/status/1071586579724947456
;2018/11/27 03:51;30;42;"In China, an artificial intelligence traffic camera system mistook a bus ad with the face of a CEO on it for the ACTUAL human CEO... then publicly shamed the human it depicted for jaywalking. https://boingboing.net/2018/11/26/just-dont-have-a-face.html …";;;;"1067158806935871488";https://twitter.com/xeni/status/1067158806935871488
;2018/11/21 12:14;19;20;"Artificial intelligence: Germans see no reason to fear #Robot coworkers #CTO #Machin #Education Stuttgart, Germany. Whether at home, in traffic, or at work, artificial intelligence ( #AI) is going to ... THE "awarded" Global AI Hub #CognitiveAmbassador http://bit.ly/2PKNyHh ";;;#Robot #CTO #Machin #Education #AI #CognitiveAmbassador;"1065111230648598528";https://twitter.com/SwissCognitive/status/1065111230648598528
;2018/10/29 08:28;1;3;"Our work on Combined Traffic Control and Route Choice Optimization appears on Transportmetrica B: Transport Dynamics http://www.wiomax.com/work-on-combined-traffic-control-and-route-choice-optimization-for-traffic-networks-with-disruptive-changes-appears-on-transportmetrica-b/ … #Transportation #SmartCity #ArtificialIntelligence #DOAI #IoT #RouteChoice #autonomousdriving #Optimization #RoadTrippic.twitter.com/kszew3U5i8";;;#Transportation #SmartCity #ArtificialIntelligence #DOAI #IoT #RouteChoice #autonomousdriving #Optimization #RoadTrippic;"1056719499792134144";https://twitter.com/jenipherzjw/status/1056719499792134144
;2018/09/28 22:14;0;0;"Lahore aa jaa, yahan har building solar hai, saara traffic system artificial intelligence per chal raha hai, robots do your surgeries, uber ko self driving cars ka daura hum Lahoriyon ki wajah se parra hai..";;;;"1045693339738288130";https://twitter.com/haroonpk/status/1045693339738288130
;2018/09/20 06:30;44;75;"Intelligent public transport of the future: An AI-powered, #selfdriving electric bus appeared at the World Artificial Intelligence Conference 2018 in Shanghai. Designed by Shanghai Ebus Power, the vehicle can identify traffic lights and park itself at a specific location. pic.twitter.com/6gTIYbgEIJ";;;#selfdriving;"1042556442547548162";https://twitter.com/ChinaDaily/status/1042556442547548162
;2018/09/18 22:30;42;117;"An intelligent system called the City’s Brain is exhibited at the World Artificial Intelligence Conference 2018. The system can help with city management by combining functions like facial recognition, monitoring traffic flow and spotting traffic violations. pic.twitter.com/GXbkJJYLYf";;;;"1042073262526623744";https://twitter.com/ChinaDaily/status/1042073262526623744
;2018/07/07 19:09;16;24;"Ocado, a British online-grocery company, is using air-traffic-control systems and #ArtificialIntelligence to co-ordinate 700 factory robots. This has made it a challenger to Amazon’s grocery-delivery business. pic.twitter.com/0eoBuifAZS #IoT #AI #tech #SundayMorning #smartcities";;;#ArtificialIntelligence #IoT #AI #tech #SundayMorning #smartcities;"1015568376628797441";https://twitter.com/2morrowknight/status/1015568376628797441
;2018/07/04 12:15;97;704;"Shenzhen traffic police are using artificial intelligence technology to target drivers who use mobile phones or other electronic devices while driving. #AI";;;#AI;"1014377011714953216";https://twitter.com/ChinaDaily/status/1014377011714953216
;2018/07/03 18:03;44;32;"Our @Atos team created a solution in the city of #Berlin that predicts #traffic 4 hours in advance. @ThierryBreton at #AtosTechDays. #DataScience #smartcities #AI #MachineLearning #BigData #IoT #DeepLearning #artificialintelligence #DigitalTransformation #mobilitypic.twitter.com/ZSMiOOkr69";;@Atos @ThierryBreton;#Berlin #traffic #AtosTechDays #DataScience #smartcities #AI #MachineLearning #BigData #IoT #DeepLearning #artificialintelligence #DigitalTransformation #mobilitypic;"1014102305510182912";https://twitter.com/AkwyZ/status/1014102305510182912
;2018/06/27 12:57;57;31;"#ArtificialIntelligence May Make Traffic Congestion a Thing of the Past https://www.wsj.com/articles/artificial-intelligence-may-make-traffic-congestion-a-thing-of-the-past-1530043151 …";;;#ArtificialIntelligence;"1011851057863901184";https://twitter.com/stpiindia/status/1011851057863901184
;2018/06/08 09:48;25;72;"Delhi’s traffic to be managed by Artificial Intelligence soon http://read.ht/Bo0T  @htdelhipic.twitter.com/EPiWZDLOzf";;@htdelhipic;;"1004917932659392512";https://twitter.com/htTweets/status/1004917932659392512
;2018/05/07 21:58;27;125;"To monitor level of hygiene in 16 base kitchens across India Artificial Intelligence based control room with #CCTV features has been set up by #IRCTC. The control room was inspected today by Member Traffic, #Railway Board Md. Jamshed in the presence of senior officials.pic.twitter.com/OuffEs44Kw";;;#CCTV #IRCTC #Railway;"993505241558650880";https://twitter.com/IRCTCofficial/status/993505241558650880
;2018/04/23 09:33;38;36;"Terrible Traffic? Call In the 7-Foot-Tall #RoboCops https://on.wsj.com/2qRURO8  #fintech #insurtech #AI #ArtificialIntelligence #MachineLearning @gksteinhauser #robots @ipfconline1 @jblefevre60 @psb_dc @JohnSnowai @Fisher85Mpic.twitter.com/EQ57Z4bpPt";;@gksteinhauser @ipfconline1 @jblefevre60 @psb_dc @JohnSnowai @Fisher85Mpic;#RoboCops #fintech #insurtech #AI #ArtificialIntelligence #MachineLearning #robots;"988244322972848130";https://twitter.com/SpirosMargaris/status/988244322972848130
;2018/04/17 18:47;59;86;"#Siemens researchers in #Bengaluru, #India are testing #AI based solution to reduce #traffic congestion. Full Story: https://sie.ag/2HHtP3R  #ArtificialIntelligence #DeepLearning #CloudComputing #SmartCities @SiemensMobility #SiemensFutureMakerspic.twitter.com/gJHbfIuqyG";;@SiemensMobility;#Siemens #Bengaluru #India #AI #traffic #ArtificialIntelligence #DeepLearning #CloudComputing #SmartCities #SiemensFutureMakerspic;"986209485445324801";https://twitter.com/SiemensIndia/status/986209485445324801
;2018/04/12 03:54;17;36;"Driverless car in Lagos Kolewerk!!! When danfo cut hand, tipper enter lane and mama ajasco chuk head inside third mainland traffic Artificial intelligence go confuse";;;;"984172925271072768";https://twitter.com/Omojolowo4life/status/984172925271072768
;2018/03/24 14:48;16;79;"Mohd Jamshed Member Traffic giving the key note address at the National Seminar on Artificial Intelligence for customer experience and service delivery today. #AICONFRAILWAYSpic.twitter.com/AW4q6VyfWP";;;#AICONFRAILWAYSpic;"977451995496935424";https://twitter.com/RailMinIndia/status/977451995496935424
;2018/03/07 11:57;10;22;"INTERVIEW: Alibaba's artificial intelligence-based cloud technology can help manage traffic flow when Japan's capital hosts the next Summer Olympic Games in two years, says Tokyo 2020's CTO Eiji Uda. http://www.alizila.com/alibaba-cloud-can-help-support-operations-tokyo-2020/ …pic.twitter.com/WraBZJmQeI";;;;"971248381816377344";https://twitter.com/AlibabaGroup/status/971248381816377344
;2018/02/23 16:49;11;21;""Artificial intelligence will stimulate #innovation, smooth traffic or make industrial production more efficient. But we need to make sure that people are in control" @ViolaRoberto http://bit.ly/2FWiACu  #EUIndustryDay #AI #Industry40pic.twitter.com/yotyHpxlaN";;@ViolaRoberto;#innovation #EUIndustryDay #AI #Industry40pic;"966973295965954049";https://twitter.com/DSMeu/status/966973295965954049
;2018/02/21 05:39;27;25;"LEARNING FROM ANTS 1 No traffic jams. 2 No accidents. mt @MHiesboeck @wef #AutonomousVehicles #DriverlessCars #SmartCities #SmartCity #Automotive #Transportation #IoT #automation #AI #ArtificialIntelligence #MachineLearningpic.twitter.com/KcpBfLONth";;@MHiesboeck @wef;#AutonomousVehicles #DriverlessCars #SmartCities #SmartCity #Automotive #Transportation #IoT #automation #AI #ArtificialIntelligence #MachineLearningpic;"966079818604441602";https://twitter.com/GlenGilmore/status/966079818604441602
;2018/02/13 00:02;14;24;"Just playing around with our Video Insights #DeepLearning #AI #analytics engine. Take a peek how it works under the lid... #Traffic #SmartCity #SmartCities #Video #businessintelligence #BigData #BigDataAnalytics #dataviz #ArtificialIntelligence pic.twitter.com/F2nUqiTNHn";;;#DeepLearning #AI #analytics #Traffic #SmartCity #SmartCities #Video #businessintelligence #BigData #BigDataAnalytics #dataviz #ArtificialIntelligence;"963096099585175553";https://twitter.com/goodvisionlive/status/963096099585175553
;2018/02/12 12:10;12;14;"Is Artificial Intelligence different from Machine Learning? Stuck in traffic? Move forward with Google Maps that uses anonymized location data from smartphones to ... #Artificial_Intelligence #Autonomous_Car #Chatbot #Deep_Learning #Machine_Learninghttp://bit.ly/2G58AH7 ";;;#Artificial_Intelligence #Autonomous_Car #Chatbot #Deep_Learning #Machine_Learninghttp;"962916875435937793";https://twitter.com/SwissCognitive/status/962916875435937793
;2018/02/07 04:23;15;9;"Austin has some of the worst traffic in the US andn #ArtificialIntelligence could help solve the problem. via @UTAustin | #AI #ML #MachineLearning #DL #DeepLearning #Iot #InternetOfThings #Selfdriving #Smartcities #VR #VirtualReality #Autonomous #Videos #RTpic.twitter.com/JZaDGTJ6Nd";;@UTAustin;#ArtificialIntelligence #AI #ML #MachineLearning #DL #DeepLearning #Iot #InternetOfThings #Selfdriving #Smartcities #VR #VirtualReality #Autonomous #Videos #RTpic;"960987229517524992";https://twitter.com/Ronald_vanLoon/status/960987229517524992
;2018/01/31 16:32;63;66;"Stuck in the morning commute? How #AI can change the game in traffic management - a great example from Kuala Lumpur, the first use of the city 'brain' concept in action outside of China http://bit.ly/2rTsUJt  #ArtificialIntelligence #MachineLearning #Malaysia #innovationpic.twitter.com/9rp7NQsnNo";;;#AI #ArtificialIntelligence #MachineLearning #Malaysia #innovationpic;"958634029556920321";https://twitter.com/sallyeaves/status/958634029556920321
;2018/01/31 06:52;15;12;"Alibaba #Cloud to tackle Malaysia’s traffic woes with #AI, using its City Brain #ArtificialIntelligence platform to analyse data from camera feeds: http://www.computerweekly.com/news/252434015/Alibaba-Cloud-to-tackle-Malaysias-traffic-woes-with-AI … #BigData #DataScience #Data4Good #MachineLearning #SmartCities #Mobility pic.twitter.com/KCfLtcXa8L";;;#Cloud #AI #ArtificialIntelligence #BigData #DataScience #Data4Good #MachineLearning #SmartCities #Mobility;"958488147188436992";https://twitter.com/KirkDBorne/status/958488147188436992
;2018/01/30 06:07;21;26;"Alibaba is reshaping city traffic with artificial intelligence http://bit.ly/2EmtmT6 ";;;;"958114367974854656";https://twitter.com/qz/status/958114367974854656
;2018/01/29 17:30;1;0;"#Malaysia Alibaba set to beat KL traffic jams with AI system - KUALA LUMPUR, Jan 29 — Alibaba will introduce an artificial intelligence system in Kuala Lumpur to combat traffic congestion, minister Datuk Seri Tengku Adnan Mansor said today. Speaking a... http://ow.ly/pblX50gi2B9 ";;;#Malaysia;"957923911878041600";https://twitter.com/southeastasia4u/status/957923911878041600
;2018/01/09 08:59;144;133;"Smart traffic signals to accommodate multimodal traffic flows http://www.wiomax.com/multimodal-urban-traffic-control/ … #SmartCity #ArtificialIntelligence #InternetOfThings #RoadSafetypic.twitter.com/L28IbMQbN8";;;#SmartCity #ArtificialIntelligence #InternetOfThings #RoadSafetypic;"950547574964015105";https://twitter.com/xfxie/status/950547574964015105
;2018/01/07 11:30;187;134;"Smart and scalable urban traffic control: Hybrid #AI & #IoT Application to reduce #TrafficCongestion http://www.wiomax.com/team/xie/schic/  #Transportation #SmartMobility #ArtificialIntelligence #SmartCities #EdgeComputingpic.twitter.com/NKw8EXpV3K";;;#AI #IoT #TrafficCongestion #Transportation #SmartMobility #ArtificialIntelligence #SmartCities #EdgeComputingpic;"949860830115500032";https://twitter.com/xfxie/status/949860830115500032
;2017/12/22 10:07;4;10;"Novel #Transportation Technologies are Needed for Safety and Mobility of #pedestrians & #Cyclists in #Multimodal Traffic http://www.wiomax.com/pedestrians-and-bicyclists-calls-for-the-innovations-of-smart-transportation-technology-for-a-better-safety-and-mobility/ … #urbanmobility #Walkablilty #Bikability #CompleteStreets #visionzero #RoadSafety #SmartCity #ArtificialIntelligence #BigData #SmartIoTpic.twitter.com/vrmoopbyYJ";;;#Transportation #pedestrians #Cyclists #Multimodal #urbanmobility #Walkablilty #Bikability #CompleteStreets #visionzero #RoadSafety #SmartCity #ArtificialIntelligence #BigData #SmartIoTpic;"944041706554642432";https://twitter.com/wiomax/status/944041706554642432
;2017/12/18 20:56;20;60;"#Beijing traffic authorities have given the green light for road tests of self-driving cars in an effort to foster the use of artificial intelligence (AI) for mobility. http://chinaplus.cri.cn/news/china/9/20171218/66762.html …";;;#Beijing;"942755443582976003";https://twitter.com/ChinaPlusNews/status/942755443582976003
;2017/12/16 08:17;3;3;"Combine intelligent route navigation & smart traffic signals to solve #TrafficJam http://www.wiomax.com/unified-route-choice-framework/ … #AI #ArtificialIntelligence #IoT #SmartCities #Transportationpic.twitter.com/pQHIn1TULB";;;#TrafficJam #AI #ArtificialIntelligence #IoT #SmartCities #Transportationpic;"941839553500811264";https://twitter.com/wiomax/status/941839553500811264
;2017/12/12 12:13;39;49;"#ArtificialIntelligence and #Supercomputers to Help Alleviate Urban #Traffic Problems. https://news.utexas.edu/2017/12/11/ai-and-supercomputers-help-alleviate-urban-traffic-problems …";;;#ArtificialIntelligence #Supercomputers #Traffic;"940449504653746176";https://twitter.com/stpiindia/status/940449504653746176
;2017/12/11 23:13;163;92;"Artificial Intelligence and Supercomputers to Help Alleviate Urban Traffic Problems Image Texas Advanced Computing Center/Center for Transportation Research #AI #MachineLearning #DeepLearning #BigData #ML #DL #tech https://news.utexas.edu/2017/12/11/ai-and-supercomputers-help-alleviate-urban-traffic-problems … pic.twitter.com/JC84Ykdlx1";;;#AI #MachineLearning #DeepLearning #BigData #ML #DL #tech;"940253211700670466";https://twitter.com/DeepLearn007/status/940253211700670466
;2017/12/09 14:27;9;9;"“Using artificial intelligence (AI) in everyday applications isn’t a thing of the future: It’s happening now. In July, AI startup Waycare secured a pilot project with the city of Las Vegas to use its tech to predict traffic accidents and congestion.” http://bit.ly/2nxyWgG pic.twitter.com/UFnzpXO2I3";;;;"939395954561699840";https://twitter.com/WayCareTech/status/939395954561699840
;2017/12/07 16:28;18;14;"Incredible #Data Facts 50,000GB / Sec is the Estimated Global #Internet #Traffic in 2018 #Analytics #BigData #DataScience #DataAnalysis #predictiveanalytics #databreach #dataviz #BusinessAnalytics #businessIntelligence #ArtificialIntelligence #MachineLearning #Insurtech #Fintechpic.twitter.com/E0c7nY2Yi5";;;#Data #Internet #Traffic #Analytics #BigData #DataScience #DataAnalysis #predictiveanalytics #databreach #dataviz #BusinessAnalytics #businessIntelligence #ArtificialIntelligence #MachineLearning #Insurtech #Fintechpic;"938701788261310465";https://twitter.com/JS_DALLAS/status/938701788261310465
;2017/12/04 11:00;9;9;"Every 60 sec on #Internet. #DigitalMarketing #InternetMarketing #SocialMedia #SEO #SMM #Mpgvip #defstar5 #BigData #bitcoin #Digital #startup #marketing #ArtificialIntelligence #DataScience #Fintech #innovation #ioT #4IR #Tech... by #TRAFFIC__SALESpic.twitter.com/Blu1NmjDvW";;;#Internet #DigitalMarketing #InternetMarketing #SocialMedia #SEO #SMM #Mpgvip #defstar5 #BigData #bitcoin #Digital #startup #marketing #ArtificialIntelligence #DataScience #Fintech #innovation #ioT #4IR #Tech #TRAFFIC__SALESpic;"937532035790508032";https://twitter.com/DigitalKeith/status/937532035790508032
;2017/11/07 12:47;8;13;"Using artificial intelligence @comIoTtech developed a solution to serve smart cities & their traffic safety domains. @DubaiPoliceHQ #DFApic.twitter.com/Shru28gxVt";;@comIoTtech @DubaiPoliceHQ;#DFApic;"927774565857710080";https://twitter.com/Futureaccel/status/927774565857710080
;2017/10/16 13:43;21;104;"A young police officer from Zhejiang Province, has become the first to direct traffic with artificial intelligence. http://bit.ly/2yrtHTw pic.twitter.com/tqtUHgQ0DZ";;;;"919816095103574016";https://twitter.com/ChinaPlusNews/status/919816095103574016
;2017/10/08 22:12;6;10;"#SmartDubai signs MoU with @dsoafz , @RTA_Dubai and Derq to use cutting-edge artificial intelligence in traffic accident prevention pic.twitter.com/HB1rUjStjb";;@dsoafz @RTA_Dubai;#SmartDubai;"917045126190518272";https://twitter.com/SmartDubai/status/917045126190518272
;2017/09/13 16:26;17;28;"Another loot in Bengaluru thru adaptive traffic signals. I work in Artificial Intelligence & knows better that it won't work. @rajeev_mphttps://twitter.com/BPACofficial/status/907896887788711937 …";;@rajeev_mphttps;;"907898340242636800";https://twitter.com/ashish_2184/status/907898340242636800
;2017/09/01 18:59;17;22;"Artificial intelligence and #BigData are key to reduce traffic and drive sustainable mobility #AI http://www.indracompany.com/en/noticia/indra-develops-solution-uses-artificial-intelligence-big-data-reduce-traffic-drive …pic.twitter.com/cLsP6xLPQT";;;#BigData #AI;"903588151893127169";https://twitter.com/IndraCompany/status/903588151893127169
;2017/06/14 18:29;17;23;"Shopper spend overtakes traffic as digital commerce driver -game changer? http://klou.tt/1845xcb834h0f  #ECommerce #ArtificialIntelligence #Retail";;;#ECommerce #ArtificialIntelligence #Retail;"874951934075187202";https://twitter.com/jose_garde/status/874951934075187202
;2017/06/02 04:55;11;11;"Human and #computervision unite to help Microsoft engineers stop traffic deaths https://www.geekwire.com/2017/human-computer-vision-unite-help-microsoft-engineers-stop-traffic-deaths/ … #ArtificialIntelligence @OSPolicing pic.twitter.com/UsTLvbyoM9";;@OSPolicing;#computervision #ArtificialIntelligence;"870398387501314048";https://twitter.com/evankirstel/status/870398387501314048
;2017/05/16 01:32;6;4;"New look traffic lights being developed with the onset of #AI in mind. >>> http://buff.ly/2qIezy9  #ArtificialIntelligence pic.twitter.com/f7eOkxKtSg";;;#AI #ArtificialIntelligence;"864186626486018048";https://twitter.com/ContiUK/status/864186626486018048
;2017/05/10 17:55;13;9;"Maarten Sierhuis on Seamless Autonomous Mobility: Human-supported artificial intelligence, similar to air traffic control for planes. #FTCarpic.twitter.com/QWsfA5llsN";;;#FTCarpic;"862259711600623616";https://twitter.com/ftlive/status/862259711600623616
;2017/04/15 12:33;11;11;""Artificial Intelligence in the Air Traffic Control Tower" http://www.nanalyze.com/2017/04/artificial-intelligence-air-traffic-control/ … #ArtificialIntelligence #AI";;;#ArtificialIntelligence #AI;"853118970412642304";https://twitter.com/jose_garde/status/853118970412642304
;2017/03/26 22:59;6;5;"19 things #AmazonEcho can help you do... 60% ask #Alexa tell a joke, 37% request traffic updates. @Experian { #NLP #ArtificialIntelligence} pic.twitter.com/8EbngAeofM";;@Experian;#AmazonEcho #Alexa #NLP #ArtificialIntelligence;"846028728408952832";https://twitter.com/MikeQuindazzi/status/846028728408952832
;2017/02/12 23:09;13;10;"#Web : #Bots Overtaking Humans in #Online Traffic Share #Chatbots #AI #chatbot #ArtificialIntelligence via @asthanakamitpic.twitter.com/JwtiDktOh9";;@asthanakamitpic;#Web #Bots #Online #Chatbots #AI #chatbot #ArtificialIntelligence;"830811115366006785";https://twitter.com/steube/status/830811115366006785
;2017/02/12 16:01;203;125;"#bots once again overtake humans in #online traffic { #ai #chatbots #makeyourownlane #defstar5 #artificialintelligence} @asthanakamitpic.twitter.com/oxe7fU9f8w";;@asthanakamitpic;#bots #online #ai #chatbots #makeyourownlane #defstar5 #artificialintelligence;"830703245492371456";https://twitter.com/MikeQuindazzi/status/830703245492371456
;2017/02/10 13:40;9;9;"How ride-sharing can improve traffic, save money, and help the #environment http://news.mit.edu/2016/how-ride-sharing-can-improve-traffic-save-money-and-help-environment-0104#.WJ1gOUsk0OM.twitter … #ArtificialIntelligence #AI";;;#environment # #ArtificialIntelligence #AI;"829943010964148224";https://twitter.com/jose_garde/status/829943010964148224
;2017/01/10 17:57;29;17;"Smart and Scalable Urban Traffic Control | #BigData #Artificialintelligence #RT http://bit.ly/2j0Iiht pic.twitter.com/0FvnbfmqN8";;;#BigData #Artificialintelligence #RT;"818773686316630016";https://twitter.com/Ronald_vanLoon/status/818773686316630016
;2016/12/17 14:00;27;7;"What #b2b #marketers want from #ArtificialIntelligence? 1-better #sales close rate 59% 2-more revenues 58% 3- #website traffic 54% { #AI #CMO}pic.twitter.com/v6mErkUMwt";;;#b2b #marketers #ArtificialIntelligence #sales #website #AI #CMO;"810016703455313920";https://twitter.com/MikeQuindazzi/status/810016703455313920
;2016/11/10 00:28;6;25;"Artificial intelligence is helping websites with more users & traffic and us with an interesting, tailored feed http://bit.ly/2fCgASD ";;;;"796403985687150592";https://twitter.com/RonnieScrewvala/status/796403985687150592
;2016/11/08 12:44;1;2;"Will the combination of #DriverlessCars & #ArtificialIntelligence mean an end to traffic jams? #IoT #Automotive http://www.citymetric.com/transport/driverless-cars-plus-mathematics-could-equal-end-traffic-jams-2398 …";;;#DriverlessCars #ArtificialIntelligence #IoT #Automotive;"795864566639067136";https://twitter.com/DarenPickering/status/795864566639067136
;2016/10/26 00:05;3;2;"Traffic Lights with Artificial Intelligence Could Help Your Terrible Daily Commute #AI #BigData https://goo.gl/1dpd1S pic.twitter.com/PJOWEmnGAB";;;#AI #BigData;"790962392075268096";https://twitter.com/cybersecboardrm/status/790962392075268096
;2016/10/15 19:46;2;3;"#Tech #NewPost How Artificial Intelligence is Changing SEO and Website Traffic Dynamics Dramatically http://ow.ly/kOfW505tcbq ";;;#Tech #NewPost;"787273428038520832";https://twitter.com/IBOMLLC/status/787273428038520832
;2016/10/14 13:50;10;10;"Alibaba Cloud to use artificial intelligence to smooth Hangzhou traffic flow | South China Morning Post #AIhttp://m.scmp.com/business/article/2027849/alibaba-cloud-use-artificial-intelligence-smooth-hangzhou-traffic-flow …";;;#AIhttp;"786821358562996225";https://twitter.com/_AdrianBrown/status/786821358562996225
;2016/09/03 07:05;2;1;"Deep learning can fix traffic bottlenecks. Artificial intelligence FTW! Video by @researchsquare https://youtu.be/0tlF35qJ0sE  via @YouTube";;@researchsquare @YouTube;;"771861592665456646";https://twitter.com/MicheleAW1/status/771861592665456646
;2016/09/01 11:50;10;13;"How Autonomous Cars Could Eliminate #Traffic Jams http://tnw.to/2bE239W  #ArtificialIntelligence #BigData #DataScience #Robots #Future #IoT";;;#Traffic #ArtificialIntelligence #BigData #DataScience #Robots #Future #IoT;"771208559287599104";https://twitter.com/TheAiPost/status/771208559287599104
;2016/08/22 11:18;2;6;"#ArtificialIntelligence to help regulate #drones traffic: http://goo.gl/7ZV7Gx  #IoT #AI #MachineLearning #deeplearning";;;#ArtificialIntelligence #drones #IoT #AI #MachineLearning #deeplearning;"767576626708287488";https://twitter.com/KevinKilian1/status/767576626708287488
;2016/08/21 18:00;22;17;"Can Artificial Intelligence be used to plan traffic signals & control it? http://bit.ly/2b8obq8  #AI #LatestInTech";;;#AI #LatestInTech;"767315470068383744";https://twitter.com/CapgeminiIndia/status/767315470068383744
;2016/07/14 02:00;1;14;"Things I can't wrap my mind around: Relativity of time Sovereignty of God Artificial Intelligence Traffic on the interstate";;;;"753303010587975682";https://twitter.com/laynedavison11/status/753303010587975682
;2016/06/29 06:44;0;4;"Artificial intelligence pays off; robot lawyer has saved people $4 million in traffic tickets: https://www.theguardian.com/technology/2016/jun/28/chatbot-ai-lawyer-donotpay-parking-tickets-london-new-york …";;;;"747938765352505344";https://twitter.com/g_e_anderson/status/747938765352505344
;2016/06/17 12:51;3;2;"#Robot runaway in Russia running out of batteries and causing a traffic jam. http://www.bbc.com/news/blogs-news-from-elsewhere-36547139 … #robotics #AI #ArtificialIntelligence";;;#Robot #robotics #AI #ArtificialIntelligence;"743682337787936768";https://twitter.com/MiikkaRoth/status/743682337787936768
;2016/05/17 04:16;4;1;"Can artificial intelligence head off traffic congestion before it happens? @BBC_Autos http://hubs.ly/H031bBF0 pic.twitter.com/yIj1hoOrc7";;@BBC_Autos;;"732318830672945152";https://twitter.com/Mobileye/status/732318830672945152
;2016/04/30 01:02;10;10;"@amcafee not only are #SelfDrivingCars safer, they also eliminate phantom traffic jams #ArtificialIntelligence http://www.bbc.com/autos/story/20160428-how-ai-will-solve-traffic-part-one …";;@amcafee;#SelfDrivingCars #ArtificialIntelligence;"726109316357320704";https://twitter.com/davidjbrunner/status/726109316357320704
;2016/03/29 13:14;2;2;"As we pull up to the intersection of Artificial Intelligence and Ethics, who is programming the traffic lights? https://lnkd.in/eReVkay ";;;;"714697221619507200";https://twitter.com/KamiLP/status/714697221619507200
;2016/02/20 07:20;2;2;"How to use Artificial Intelligence in the design of a city's traffic lights supervisor? http://cs.stackexchange.com/questions/53306/how-to-use-artificial-intelligence-in-the-design-of-a-citys-traffic-lights-supe … #AI #modelling";;;#AI #modelling;"700837314201653248";https://twitter.com/ldduval11/status/700837314201653248
;2015/12/23 06:16;4;3;"Ford's Self Driving Cars Are The Future Of Traffic - Artificial Intelligence In Play http://tinyurl.com/gpywyo2  #aipic.twitter.com/3TPRzz1fAN";;;#aipic;"679440305817440258";https://twitter.com/david_h_a_l/status/679440305817440258
;2015/11/12 00:03;5;4;"#Toyota's focus on #ArtificialIntelligence could lead to cars that predict traffic & pedestrians' moves. http://bit.ly/1MKDd03 ";;;#Toyota #ArtificialIntelligence;"664488584553041920";https://twitter.com/sgaudin/status/664488584553041920
;2015/10/13 19:13;2;0;"Infuence mapping and risk assessment and air traffic route planning. Artificial intelligence. #Astar #insurance";;;#Astar #insurance;"653906360019648512";https://twitter.com/RudyvanEtten/status/653906360019648512
;2015/10/12 23:10;0;1;"'Smart' traffic lights ease Toronto’s road congestion? #ArtificialIntelligence, #UniversityOfToronto, #UOT, #Research, http://ow.ly/OQyr0 ";;;#ArtificialIntelligence #UniversityOfToronto #UOT #Research;"653603749747888128";https://twitter.com/Shyam17/status/653603749747888128
;2015/10/07 03:55;3;0;"Gavin Baker - artificial intelligence is here. Ex: Reservation app sends alert about heavy traffic and suggests you leave early. #FidSummit";;;#FidSummit;"651500942295203840";https://twitter.com/Fidelity/status/651500942295203840
;2015/10/05 00:05;0;0;"Ultimate test for Artificial Intelligence would be running a Google Driverless car in Indian traffic.";;;;"650718449296130049";https://twitter.com/rakeshkhajuria/status/650718449296130049
;2015/10/02 00:48;0;2;"#Google #selfdriving #INTEL #Robot #robotics #ArtificialIntelligence #AI #traffic #drone #makerspace #Audipic.twitter.com/CzZoZAoIgg";;;#Google #selfdriving #INTEL #Robot #robotics #ArtificialIntelligence #AI #traffic #drone #makerspace #Audipic;"649642141216567297";https://twitter.com/AutopiaMotor/status/649642141216567297
;2015/09/30 18:59;1;1;"Year Old Nigerian Builds Artificial Intelligence Robot In Sri Lanka Bobai Ephraim Kato, 24 has… https://instagram.com/p/8QQKukOj4Q/ ";;;;"649191915758424064";https://twitter.com/PHCity_Traffic/status/649191915758424064
;2015/09/30 18:09;1;0;"#AI The camera uses artificial intelligence to track traffic conditions; over time, as more vehicles use it, it… http://goo.gl/fb/pPnHTC ";;;#AI;"649179148183859200";https://twitter.com/AI_Today/status/649179148183859200
;2015/09/28 18:10;1;0;"Nakakatuwa naman. Nakita ko thesis adviser namin sa tv for the artificial intelligence abt traffic.Ganun pa din si doc #ALDUBThisMustBeLove";;;#ALDUBThisMustBeLove;"648454851777527808";https://twitter.com/gianimaxxx/status/648454851777527808
;2015/09/20 03:55;3;2;"Artificial intelligence you don't know you're using already: the lottery, traffic lights, your credit score... #DxB2015 #peoplefirst";;;#DxB2015 #peoplefirst;"645340378883866624";https://twitter.com/lizco/status/645340378883866624
;2015/09/06 03:49;0;0;"Seeking to reduce traffic casualties, center will focus on robotics and artificial intelligence syst http://pinterest.com/pin/183240278565741231/ …";;;;"640265644492091392";https://twitter.com/timstock/status/640265644492091392
;2015/08/08 05:04;1;2;"How Does Machine Learning & Artificial Intelligence Affect #SEO? #Lupe http://bit.ly/1T1A7hg ";;;#SEO #Lupe;"629775021339095040";https://twitter.com/web_traffic_seo/status/629775021339095040
;2015/07/19 21:57;1;1;". advanced sensing + artificial intelligence improve multi-modal capacity + traffic flows . http://www.fastcoexist.com/3047859/these-traffic-lights-stay-green-until-all-the-cyclists-have-crossed-the-road …pic.twitter.com/z5aYSAEq6w";;;;"622782380835639296";https://twitter.com/beltline_pres/status/622782380835639296
;2015/07/04 04:30;3;4;"Strategy- artificial intelligence builds brand, boosting traffic http://buff.ly/1LXeerX  via @artintelbot #social #marketing";;@artintelbot;#social #marketing;"617082913088217088";https://twitter.com/ScottPValentine/status/617082913088217088
;2015/07/02 22:58;0;2;"@SingaporeAir Strategy- artificial intelligence builds #brand, boosting @ManchesterAirp traffic http://www.eyefortravel.com/social-media-and-marketing/how-singapore-airlines-using-artificial-intelligence-build-its-brand-and?utm_source=Twitter&utm_medium=social&utm_campaign=Twitter_eft … @EyeforTravel";;@SingaporeAir @ManchesterAirp @EyeforTravel;#brand;"616637075337682945";https://twitter.com/touristory/status/616637075337682945
;2015/06/11 09:32;3;0;"Analysing Network Traffic through Artificial Intelligence https://shar.es/12ZsF4  16th June 10.00am Joondalup @EdithCowan Rm 21.201 RSVP";;@EdithCowan;;"608824168906301440";https://twitter.com/ECUSRI/status/608824168906301440
;2015/03/08 19:41;8;1;"Abu Dhabi to launch artificial intelligence-powered traffic control http://dlvr.it/8tF8hz ";;;;"574550469357391872";https://twitter.com/Emirates247/status/574550469357391872
;2015/02/22 00:07;0;2;"Using Artificial Intelligence to Solve #SEO (and avian air traffic control!) http://zite.to/1DEgWSm ";;;#SEO;"569181642960404480";https://twitter.com/grantpwright/status/569181642960404480
;2015/01/20 22:05;0;2;"Robot Traffic Wardens Pictured In Enthusiastic New Concept Art http://ow.ly/HDaos  #AI #robotics #artificialintelligence";;;#AI #robotics #artificialintelligence;"557554434885320704";https://twitter.com/jeremycdalton/status/557554434885320704
;2015/01/07 18:06;2;1;"Reducing traffic congestion with artificial intelligence http://bit.ly/1xK5mQt ? #netherlands";;;#netherlands;"552783254777262082";https://twitter.com/tonybosma/status/552783254777262082
;2014/12/19 17:07;0;2;"Smart traffic lights could cut your commute http://goo.gl/XmOtGu  #SmartCity #artificialintelligence @UofT @PMOIndia";;@UofT @PMOIndia;#SmartCity #artificialintelligence;"545883203286736897";https://twitter.com/ChetanReddy/status/545883203286736897
;2014/12/12 21:50;1;0;"Can Artificial Intelligence Reduce Traffic? UIC Gets $5.5M to Improve Real-Time Traffic Info http://ow.ly/FExvw ";;;;"543417555780898816";https://twitter.com/rosenfeldj/status/543417555780898816
;2014/10/10 17:55;2;1;"Samah El-Tantawy on combining #gametheory & artificial intelligence to create smart traffic lights #UofTCities http://ow.ly/ClmeX ";;;#gametheory #UofTCities;"520527968809259008";https://twitter.com/UofT/status/520527968809259008
;2014/07/16 05:53;9;13;"Final visualization of the #ArtificialIntelligence traffic networks in the @JustDeathGame cities! #GameDev #IndieDevpic.twitter.com/BnWRG3Zc2g";;@JustDeathGame;#ArtificialIntelligence #GameDev #IndieDevpic;"489180888219926528";https://twitter.com/TheRealDGreen/status/489180888219926528
;2014/07/16 05:50;3;3;"WIP of the #ArtificialIntelligence vehicle/human traffic patterns! Shows the N/S and E/W lanes. #GameDev #IndieDevpic.twitter.com/NxOOVpJXq7";;;#ArtificialIntelligence #GameDev #IndieDevpic;"489180340167008256";https://twitter.com/JustDeathGame/status/489180340167008256
;2014/07/07 18:33;0;0;"Shortly to be let loose in the real world is city traffic management artificial intelligence. These systems are ... http://ift.tt/TNsUUx ";;;;"486110859723149315";https://twitter.com/guzmanadrian/status/486110859723149315
;2014/07/05 22:35;0;0;"Artificial Intelligence, NOT SEO, cracks Traffic Code http://stg.do/0Rxh ";;;;"485446811424141312";https://twitter.com/renrutledge/status/485446811424141312
